{
  "1": {
    "createdAt": "2025-02-09T08:44:39.257Z",
    "encrypted": false
  },
  "12": {
    "createdAt": "2025-02-08T01:55:46.306Z",
    "encrypted": true
  },
  "123": {
    "createdAt": "2025-02-08T01:01:47.064Z",
    "encrypted": true
  },
  "Salon": {
    "createdAt": "2025-02-07T22:29:39.230Z"
  },
  "Sabzi": {
    "createdAt": "2025-02-07T23:58:32.566Z"
  },
  "abcd": {
    "createdAt": "2025-02-08T08:43:06.127Z",
    "encrypted": false
  },
  "abc": {
    "createdAt": "2025-02-09T08:35:31.047Z",
    "encrypted": true
  },
  "bbb": {
    "createdAt": "2025-02-08T01:25:14.705Z",
    "encrypted": true
  },
  "bb": {
    "createdAt": "2025-02-08T01:35:06.952Z",
    "encrypted": true
  },
  "aa": {
    "createdAt": "2025-02-08T01:34:41.591Z",
    "encrypted": false
  },
  "g": {
    "createdAt": "2025-02-08T01:41:18.540Z",
    "encrypted": false
  },
  "ab": {
    "createdAt": "2025-02-08T01:55:54.655Z",
    "encrypted": false
  },
  "aabb": {
    "createdAt": "2025-02-08T02:06:28.140Z",
    "encrypted": true
  },
  "b": {
    "createdAt": "2025-02-08T02:06:57.274Z",
    "encrypted": false
  },
  "Kaala Jadu": {
    "createdAt": "2025-02-08T08:34:43.692Z",
    "encrypted": true
  },
  "Rakshu k dil ka hisab": {
    "createdAt": "2025-02-08T08:58:25.861Z",
    "encrypted": true
  },
  "Management": {
    "createdAt": "2025-02-08T09:05:01.475Z",
    "encrypted": false
  },
  "Sales": {
    "createdAt": "2025-02-08T09:05:19.760Z",
    "encrypted": false
  }
}